window_start_step,window_end_step,n_transactions,n_fraud,n_flagged,precision,recall,f1,average_precision,fraud_rate
188,355,20564,8,20231,0.000395432751717661,1.0,0.0007905528929294925,0.3403256704980843,0.00038902937171756465
189,356,34825,14,34292,0.00040825848594424355,1.0,0.0008161837579432169,0.38688991054336763,0.0004020100502512563
190,357,40221,32,39598,0.0008081216223041567,1.0,0.0016149381781478678,0.49476662171761654,0.0007956042863180925
191,358,43934,42,43235,0.0009714351798311553,1.0,0.0019409848187258822,0.568534532221902,0.000955979423680976
192,359,46027,54,45307,0.0011918688061447458,1.0,0.00238089989197769,0.607008367643438,0.0011732244117583159
193,360,46993,62,46273,0.001339874224709874,1.0,0.002676162727959426,0.59785219111457,0.001319345434426404
194,361,47320,76,46600,0.0016309012875536481,1.0,0.003256491558831091,0.661586643134692,0.001606086221470837
195,362,47433,96,46713,0.0020551024340119454,1.0,0.0041017752996218675,0.6920920306191176,0.0020239074062361646
196,363,47447,110,46727,0.0023540993429922745,1.0,0.00469714114909153,0.712367108333717,0.002318376293548591
197,364,47453,116,46733,0.002482186035563734,1.0,0.004952080087088305,0.7281030895743794,0.0024445240553811138
198,365,47467,130,46747,0.002780927118317753,1.0,0.005546430018985857,0.7369388197260806,0.0027387448121853077
199,366,47477,140,46757,0.0029942040763949783,1.0,0.005970531164040344,0.7416393948645674,0.002948796259241317
200,367,47491,154,46771,0.0032926386008424024,1.0,0.006563665423548215,0.7185994554591836,0.003242719673201238
201,368,47497,160,46777,0.0034204844261068474,1.0,0.006817649189338901,0.7136808769507481,0.0033686338084510602
202,369,53413,166,52691,0.0031504431496840067,1.0,0.006281098057021776,0.7067741421231284,0.0031078576376537548
203,370,64368,184,63640,0.0028912633563796353,1.0,0.005765856104286789,0.6885704684128188,0.002858563261247825
204,371,77052,190,76316,0.0024896483044184706,1.0,0.0049669306982458895,0.6640162086855413,0.0024658672065618024
205,372,90315,198,89567,0.002210635613563031,1.0,0.004411518966189494,0.637271275510138,0.002192326856003986
206,373,103198,210,102433,0.0020501205666142745,1.0,0.004091852342585466,0.6395054137458074,0.0020349231574255315
207,374,115647,224,114874,0.0019499625676828525,1.0,0.0038923352273714574,0.6388586079870113,0.0019369287573391442
208,375,127265,234,126478,0.0018501241322601558,1.0,0.0036934149883199696,0.6146796527266674,0.0018386830629002475
209,376,136207,238,135408,0.0017576509511993384,1.0,0.0035091340695634224,0.6126294519524088,0.0017473404450578899
210,377,144427,248,143508,0.0017281266549600022,1.0,0.003450290770472189,0.6114595707773643,0.0017171304534470701
211,378,161981,252,160840,0.0015667744342203432,1.0,0.0031286469843319347,0.593355849559496,0.0015557380186565091
212,379,181683,268,180256,0.001486774365347062,1.0,0.002969134297932685,0.5834184481413188,0.0014750967344220429
213,380,197860,282,196257,0.0014368914229810912,1.0,0.0028696594569016837,0.5684052193212984,0.0014252501768927525
214,381,203322,286,201624,0.0014184819267547514,1.0,0.0028329453717002625,0.5667606457012933,0.0014066357796991963
215,382,207153,294,205377,0.0014315137527571248,1.0,0.0028589349008853945,0.5653632173085357,0.0014192408509652286
216,383,209235,308,207418,0.0014849241628016854,1.0,0.002965444864870069,0.5666746756669929,0.0014720290582359548
217,384,210137,314,208320,0.0015072964669738864,1.0,0.003010055887343386,0.5678552647969758,0.001494263266345289
218,385,210409,322,208592,0.001543683362736826,1.0,0.0030826081545516338,0.5675686113626484,0.0015303527890917214
219,386,210539,338,208722,0.0016193788867488812,1.0,0.0032335214770879174,0.578577520096355,0.0016054032744527143
220,387,210567,366,208750,0.0017532934131736528,1.0,0.003500449511276038,0.5983370439727672,0.001738164099787716
221,388,210585,384,208768,0.0018393623543838135,1.0,0.0036719706242350062,0.6100528336291081,0.0018234917016881544
222,389,210595,394,208778,0.0018871720200404258,1.0,0.00376723462031247,0.6181722405982487,0.0018708896222607374
223,390,210607,406,208790,0.0019445375736385842,1.0,0.003881527371460257,0.6229477807778325,0.0019277611855256472
224,391,210619,418,208802,0.002001896533558108,1.0,0.003995793901156677,0.6317307490274594,0.001984626268285387
225,392,210629,428,208812,0.0020496906308066585,1.0,0.004090995985471229,0.6350210520439038,0.0020320088876650414
226,393,219014,432,217193,0.0019890143789164476,1.0,0.003970132107983917,0.6331740388298365,0.001972476645328609
227,394,231810,442,229981,0.0019218978959131407,1.0,0.003836422579343208,0.6229297391013422,0.0019067339631594841
228,395,241662,450,239820,0.0018764073054791093,1.0,0.0037457859907603945,0.6160901449340339,0.0018621049234054175
229,396,257298,458,255442,0.001792970615638775,1.0,0.003579523251270027,0.612356008371468,0.0017800371553607101
230,397,271242,468,269370,0.0017373872368860676,1.0,0.003468747915415916,0.6052964570380392,0.0017253965093901387
231,398,283471,494,281582,0.001754373503988181,1.0,0.0035026021355946623,0.6015301567647713,0.0017426826730071153
232,399,297238,506,295329,0.001713343423774841,1.0,0.0034208257981645173,0.6014290229839064,0.0017023395393590322
233,400,311631,522,309697,0.001685518426074518,1.0,0.003365364468327214,0.598645371919176,0.001675058001289987
234,401,327351,538,325203,0.0016543512821222436,1.0,0.0033032378484747086,0.6000770041593119,0.001643495819472065
235,402,346501,550,344059,0.0015985630371535115,1.0,0.0031920234236482506,0.5941291356295081,0.001587297006357846
236,403,367482,566,364714,0.0015519009415596878,1.0,0.003098992553657468,0.5921285810823307,0.0015402114933520553
237,404,383631,584,380679,0.0015341009091649396,1.0,0.003063502096977677,0.5896127745220937,0.0015222961648041998
238,405,389741,594,386681,0.0015361499530620849,1.0,0.003067587631527984,0.5955955984870751,0.0015240890745392454
239,406,393624,618,390501,0.0015825823749491038,1.0,0.003160163530792419,0.5976563711167571,0.0015700262179135418
240,407,395845,624,392690,0.0015890397005271335,1.0,0.0031730373187834654,0.5998582227070473,0.0015763745910646844
241,408,397917,634,394762,0.0016060309756258202,1.0,0.0032069115519630952,0.5968958000987441,0.0015932970946202349
242,409,398027,654,394872,0.001656232905853036,1.0,0.0033069886682544256,0.6027606491410493,0.001643104613506119
243,410,398047,674,394892,0.001706795782137901,1.0,0.0034077751879585203,0.6122127155741596,0.0016932673779729529
244,411,398063,690,394908,0.0017472423956972256,1.0,0.003488389728967285,0.6200431939610431,0.0017333939602525229
245,412,398071,698,394916,0.0017674644734576466,1.0,0.0035286921089749098,0.622114483859582,0.0017534560417613943
246,413,398152,712,394997,0.0018025453357873604,1.0,0.0035986040246746977,0.6279125204888307,0.0017882617693745103
247,414,398168,728,395013,0.0018429773197337809,1.0,0.003679174005220586,0.6295685057864672,0.0018283739527033816
248,415,398184,744,395029,0.0018834060284181667,1.0,0.0037597309568869024,0.6334982183531697,0.0018684829124223977
249,416,398954,752,395797,0.0018999638703678906,1.0,0.0037927217065230273,0.6350258824254413,0.0018849290895692236
250,417,398960,758,395803,0.0019150941251076924,1.0,0.0038228670998913155,0.6349004442948804,0.0018999398435933428
251,418,398966,764,395809,0.001930223921133678,1.0,0.003853010668905851,0.6352453577356048,0.0019149501461277402
252,419,399386,774,396229,0.0019534158277157905,1.0,0.003899214867393949,0.6370647436070618,0.0019379747913046527
253,420,400504,786,397347,0.001978119880104795,1.0,0.003948429293728478,0.6393757972578198,0.0019625272157082077
254,421,400518,800,397361,0.0020132826321657134,1.0,0.004018474938529891,0.6435886211175207,0.001997413349712123
255,422,400952,810,397795,0.002036224688595885,1.0,0.004064173806148944,0.6451076452800919,0.002020191943175243
256,423,401217,816,398060,0.0020499422197658643,1.0,0.0040914971068703055,0.645388895966985,0.002033812126604805
257,424,401231,830,398074,0.002085039465024091,1.0,0.0041614022421434735,0.6430947157801492,0.002068633779543455
258,425,401259,858,398102,0.0021552265499796535,1.0,0.004301183075997594,0.6505723458596007,0.002138269795817664
259,426,403606,860,400446,0.002147605419956748,1.0,0.004286006189790335,0.6494092524591762,0.002130790919857485
260,427,403620,874,400460,0.0021824901363432054,1.0,0.004355474492567288,0.65325129120038,0.0021654031019275556
261,428,404724,880,401564,0.0021914315028239584,1.0,0.0043732792636988005,0.6527814001016831,0.002174321265850308
262,429,405553,884,402393,0.0021968573011955975,1.0,0.004384083396771946,0.6528170501081975,0.0021797397627437106
263,430,405561,892,402401,0.0022166942925092134,1.0,0.004423582854153184,0.6542316098264161,0.002199422528300305
264,431,405981,898,402820,0.0022292835509656918,1.0,0.004448649800107996,0.6554175474395872,0.002211926173884985
265,432,405985,902,402824,0.002239191309355947,1.0,0.004468377067615165,0.6569735262090336,0.0022217569614640933
266,433,405991,908,402830,0.002254052578010575,1.0,0.004497966503029192,0.6594210668299532,0.0022365027796182675
267,434,405999,916,402838,0.002273866914243443,1.0,0.004537416347577981,0.6622952494894506,0.0022561631925201785
268,435,406003,920,402842,0.002283773787241648,1.0,0.004557140097384103,0.6646432191463457,0.0022659931084253074
269,436,406058,936,402897,0.0023231744093403523,1.0,0.004635579558877061,0.6688874385302143,0.002305089420723148
270,437,406074,952,402913,0.0023627929602668568,1.0,0.004714446659155906,0.6730340338350707,0.0023444002817220506
271,438,406086,964,402925,0.002392504808587206,1.0,0.004773588783056731,0.673547731845488,0.0023738813945814435
272,439,406207,976,403045,0.002421565830118225,1.0,0.004831432029523218,0.6743625513676802,0.0024027158566937547
273,440,406225,994,403063,0.002466115718882656,1.0,0.004920097906978471,0.6758547367206643,0.002446919810449874
274,441,406235,1004,403073,0.002490863937797868,1.0,0.0049693499011327046,0.6766669880185773,0.0024714758698782726
275,442,406623,1016,403461,0.002518211177784222,1.0,0.005023771438178191,0.6789250336997154,0.002498628951141475
276,443,406633,1026,403471,0.0025429336928800336,1.0,0.005072967166629172,0.6811009495437408,0.0025231597042050203
277,444,406653,1046,403491,0.002592375046779234,1.0,0.005171344030335915,0.6819892508286051,0.002572217590919039
278,445,406706,1052,403544,0.002606902840830244,1.0,0.0052002491374111455,0.6809182032755875,0.0025866350631660218
279,446,406718,1064,403556,0.0026365609729504702,1.0,0.005259255597844892,0.6832094411594537,0.0026160632182494997
280,447,406728,1074,403566,0.0026612747357309583,1.0,0.005308422301304864,0.6838705951907447,0.0026405853543400013
281,448,407786,1080,404624,0.0026691446874135,1.0,0.0053240786386133734,0.6848195476322126,0.0026484479604498437
282,449,408234,1086,405071,0.002681011477000328,1.0,0.005347685747137191,0.6852983303690465,0.0026602389805846648
283,450,408250,1102,405087,0.0027204032713960213,1.0,0.005426045510833627,0.6865542881123491,0.0026993263931414575
284,451,409888,1106,406722,0.002719302127743274,1.0,0.005423855154624008,0.6866743393293286,0.0026982980716683583
285,452,409980,1116,406814,0.002743268422424007,1.0,0.005471526977667737,0.6882880608145203,0.002722084004097761
286,453,410011,1124,406845,0.0027627229043001634,1.0,0.0055102225904419206,0.6911743723732274,0.0027413898651499594
287,454,410034,1130,406868,0.002777313526745775,1.0,0.005539242839425683,0.6922097390430111,0.0027558690254954467
288,455,410190,1140,407023,0.0028008245234298797,1.0,0.00558600363090236,0.6924886712377167,0.0027791998829810576
289,456,410208,1158,407041,0.0028449222559889546,1.0,0.005673703267278949,0.6949842926994075,0.0028229581090568685
290,457,410218,1168,407051,0.0028694193110936957,1.0,0.00572241860373966,0.6976377696000324,0.0028472665753331156
291,458,410315,1174,407148,0.002883472349121204,1.0,0.005750363683563462,0.6992114117329109,0.002861216382535369
292,459,410323,1182,407156,0.002903064181787816,1.0,0.005789321591426711,0.7007103411106039,0.002880657433290359
293,460,410365,1198,407198,0.0029420576721889595,1.0,0.005866854719438976,0.7023517155575351,0.002919352283942344
294,461,410423,1214,407256,0.0029809260023179523,1.0,0.005944132984062477,0.7059579139443878,0.0029579238980271573
295,462,410439,1230,407272,0.003020094678740498,1.0,0.0060220023402578204,0.7071742241630645,0.002996791240598481
296,463,410449,1240,407282,0.0030445735387274664,1.0,0.006070664492977123,0.7079465827728747,0.0030210817909167766
297,464,410465,1256,407298,0.0030837372145210633,1.0,0.006148514027521454,0.709678452297775,0.0030599442096159233
298,465,410477,1268,407310,0.0031131079521740197,1.0,0.006206893175844025,0.7111709853275557,0.003089089035439257
299,466,410826,1274,407659,0.003125160980132905,1.0,0.00623084955237166,0.710903480393911,0.0031010695525599645
300,467,410838,1286,407671,0.003154504490140334,1.0,0.00628916976601452,0.7111671799901468,0.003130187567849128
301,468,410850,1298,407683,0.003183846272716792,1.0,0.0063474831349133575,0.7110860167682227,0.0031593038821954487
302,469,413616,1306,410448,0.0031818890578100027,1.0,0.006343593504859698,0.7117330504937229,0.003157518084406793
303,470,413628,1318,410460,0.003211031525605418,1.0,0.006401507608468641,0.7112465868855372,0.0031864380554507917
304,471,414725,1320,411557,0.003207332155691678,1.0,0.00639415612882287,0.7106138307420996,0.0031828319971065164
305,472,414790,1328,411622,0.0032262609870220738,1.0,0.006431771400895992,0.7115056250178932,0.0032016200969165118
306,473,414800,1338,411632,0.0032504761534574572,1.0,0.0064798895803569265,0.7127741657491682,0.0032256509161041466
307,474,415961,1346,412792,0.0032607221070175777,1.0,0.006500248709367409,0.713607353463114,0.0032358802868538154
308,475,415975,1360,412806,0.0032945257578620465,1.0,0.0065674149978511035,0.7157860148226525,0.003269427249233728
309,476,417642,1368,414471,0.0033005928038391105,1.0,0.006579469458131633,0.7152278038754489,0.003275532633212177
310,477,417652,1378,414481,0.003324639730168572,1.0,0.006627246254139023,0.7142568082060234,0.003299397584591957
311,478,418189,1384,415017,0.00333480315264194,1.0,0.00664743840672813,0.7136331192270728,0.0033095083801821666
312,479,418344,1388,415172,0.0033431927008565126,1.0,0.0066641060111388515,0.7133714830519294,0.0033178436884477845
313,480,418350,1394,415178,0.0033575960190568863,1.0,0.006692720586117166,0.7144726708462518,0.0033321381618262222
314,481,418364,1408,415192,0.003391202142623172,1.0,0.006759481517042727,0.7174379245577147,0.003365490338556855
315,482,418380,1424,415208,0.0034296063659659736,1.0,0.006835768735958832,0.719991119384698,0.0034036043787943975
316,483,418462,1432,415290,0.003448192829107371,1.0,0.006872687307125614,0.7202735257506543,0.0034220550492039896
317,484,418468,1438,415296,0.0034625905378332564,1.0,0.006901284752384015,0.7218009847999124,0.0034363439976294484
318,485,418480,1450,415308,0.003491384707253412,1.0,0.006958474702345246,0.7234581841997014,0.0034649206652647676
319,486,418488,1458,415316,0.0035105798957901935,1.0,0.0069965976764385495,0.7231201264723788,0.0034839708665481447
320,487,418688,1472,415516,0.003542583197758931,1.0,0.007060155208303357,0.7240872565233367,0.003515744420666463
321,488,418696,1480,415524,0.003561767791992761,1.0,0.007098253254165428,0.7240595115879102,0.003534784187095172
322,489,418710,1494,415538,0.0035953390544306418,1.0,0.007164917800072896,0.7240403900258714,0.003568102027656373
323,490,420368,1504,417196,0.0036050201823603295,1.0,0.007184141390016718,0.7230744305082877,0.0035778175313059034
324,491,420380,1516,417208,0.003633679124081993,1.0,0.007241046608267021,0.7232976640837663,0.0036062610019506162
325,492,422594,1522,419420,0.0036288207524676937,1.0,0.007231400050363233,0.7228428445984315,0.003601565568843855
326,493,423387,1530,420212,0.0036410192950225126,1.0,0.0072556207349517,0.7230109089340802,0.0036137151117063113
327,494,423395,1538,420220,0.0036599876255294845,1.0,0.007293281929447693,0.7225990254760645,0.0036325417163641516
328,495,424885,1554,421710,0.0036849967987479548,1.0,0.0073429349058743475,0.7224285565952395,0.003657460253951069
329,496,425232,1560,422056,0.0036961919745247076,1.0,0.007365160900438133,0.7239130236280806,0.0036685856191443727
330,497,425252,1580,422076,0.0037434016622598775,1.0,0.0074588817342372115,0.7246077255907102,0.003715444019075748
331,498,425264,1592,422088,0.0037717253274198747,1.0,0.007515105740181269,0.7255597717866279,0.003743556943451597
332,499,425274,1602,422098,0.003795327151514577,1.0,0.007561954212886476,0.7251685860941244,0.003766983168498427
333,500,427874,1606,424696,0.0037815284344566466,1.0,0.007534564698265549,0.7234167909593797,0.0037534414336930968
334,501,427902,1634,424724,0.003847204302087944,1.0,0.007664920090628064,0.7251836797511201,0.0038186313688648335
335,502,428010,1646,424831,0.0038744818527838127,1.0,0.00771905636177332,0.7256481790559919,0.0038457045396135606
336,503,428448,1656,425268,0.0038940150681452635,1.0,0.007757821064170672,0.7243588165799734,0.003865113152587945
337,504,428458,1666,425278,0.003917437534977121,1.0,0.007804302203567681,0.725705995007156,0.0038883624532626304
338,505,428642,1674,425462,0.003934546445981075,1.0,0.007838252921786035,0.7258749979239304,0.003905356917894187
339,506,428650,1682,425470,0.003953275201541824,1.0,0.007875416713488407,0.7268959142829955,0.003923947276332673
340,507,428664,1696,425484,0.003986048829098156,1.0,0.00794044665012407,0.728309856307182,0.003956478733926805
341,508,428670,1702,425490,0.004000094009259912,1.0,0.007968314013371038,0.7290900630086226,0.003970420136701892
342,509,428756,1716,425576,0.004032182265917251,1.0,0.008031978132050213,0.731176304540556,0.004002276352983981
343,510,428766,1726,425586,0.004055584535205575,1.0,0.008078406410304415,0.7327614584839549,0.004025505753721144
344,511,428772,1732,425592,0.004069625368897912,1.0,0.008106261291198248,0.7334676750262085,0.004039442874068269
345,512,428784,1744,425604,0.0040977058486292425,1.0,0.008161966359968924,0.7342246932587861,0.0040673159446247996
346,513,428794,1754,425614,0.004121105038838008,1.0,0.008208382471312779,0.7343924543493786,0.004090542311692794
347,514,432404,1768,429223,0.0041190709724315796,1.0,0.008204347654591396,0.7324283403638726,0.004088768836551003
348,515,432410,1774,429229,0.00413299194602415,1.0,0.00823196126245061,0.7325831128849225,0.004102587821743253
349,516,432424,1788,429243,0.004165472704272405,1.0,0.008296387034807241,0.7340490186521891,0.00413483062919727
350,517,432965,1794,429784,0.004174189825586806,1.0,0.008313676786119774,0.733954829601542,0.00414352199369464
351,518,434498,1802,431316,0.004177911322557012,1.0,0.008321058002669019,0.7349565472264472,0.004147314832289217
352,519,434510,1814,431328,0.0042056161436308335,1.0,0.008376006021120095,0.735772390760439,0.004174817610641872
353,520,435824,1826,432642,0.00422057960161057,1.0,0.008405682351749726,0.735633070401787,0.004189764675648886
354,521,435838,1840,432656,0.004252801301727007,1.0,0.00846958314921196,0.7373661361497414,0.0042217521189065665
355,522,444507,1854,441297,0.004201252217894072,1.0,0.008367351083490729,0.7363542815558602,0.0041709129440031315
356,523,423973,1876,421096,0.004455041130763531,1.0,0.008870563536120594,0.7420015237551453,0.0044248100704526
357,524,410736,1874,408055,0.004592518165443384,1.0,0.009143046722725154,0.7442865734136571,0.004562541389116123
358,525,408104,1858,405506,0.004581929737167884,1.0,0.009122062823420823,0.742866735050141,0.004552761060906044
359,526,405163,1860,402641,0.004619499752881599,1.0,0.00919651620144326,0.7439313253143678,0.004590744959436079
360,527,403776,1854,401272,0.004620307422396778,1.0,0.009198116717850003,0.7441559396464723,0.004591654778887304
361,528,402994,1860,400490,0.004644310719368773,1.0,0.009245681620479682,0.7459385869299433,0.004615453331811392
362,529,402695,1852,400191,0.004627790230165096,1.0,0.009212944884004945,0.7441618672153699,0.004599014142216814
363,530,402705,1840,400201,0.004597689660945375,1.0,0.00915329531067727,0.7438951185709533,0.004569101451434673
364,531,402759,1840,400255,0.004597069368277723,1.0,0.009152066054041955,0.745148610973935,0.004568488848169749
365,532,402799,1840,400295,0.004596610000124908,1.0,0.009151155706416999,0.7448081710098405,0.0045680351738708385
366,533,402797,1838,400293,0.00459163662617133,1.0,0.009141299725711273,0.7456647701751634,0.004563092575168137
367,534,402885,1840,400381,0.0045956226694073895,1.0,0.009149199072151877,0.7452042422114968,0.004567060079178922
368,535,402877,1832,400373,0.004575733128857341,1.0,0.009109782324933802,0.747546825856478,0.004547293590847827
369,536,402883,1838,400379,0.004590650358785051,1.0,0.009139345179343488,0.74784050324415,0.004562118530690051
370,537,396985,1850,394483,0.004689682445124378,1.0,0.009335583966008382,0.7490383355716952,0.004660125697444488
371,538,387393,1842,384897,0.00478569591345217,1.0,0.009525804224554544,0.7512678278452143,0.004754861342357761
372,539,374713,1840,372225,0.0049432466921888645,1.0,0.009837862403592959,0.754856751159121,0.004910424778430425
373,540,363759,1838,361283,0.005087424539765226,1.0,0.010123347313980739,0.7581736137947316,0.005052795944567695
374,541,350888,1838,348429,0.005275106262681924,1.0,0.010494851070754596,0.760505669705509,0.005238138665329108
375,542,340454,1834,338003,0.005425987343307604,1.0,0.010793409781748309,0.7616078608937565,0.005386924518437146
376,543,328842,1830,326405,0.005606531762687459,1.0,0.011150547625938733,0.7660619742034557,0.005564982575218494
377,544,323918,1832,321491,0.005698448790168309,1.0,0.01133232092984415,0.7670372192618226,0.0056557523817756345
378,545,317300,1822,314991,0.005784292249619831,1.0,0.011502053261703275,0.7688336486077443,0.005742199810904507
379,546,303258,1828,301167,0.006069722114308672,1.0,0.01206620571296556,0.7751385243393053,0.006027870657987588
380,547,284590,1820,282781,0.0064360759739869365,1.0,0.012789835594393555,0.7824453042541475,0.006395164974173372
381,548,270753,1808,269116,0.006718292483538697,1.0,0.013346916478421993,0.7877791887597524,0.006677673008239983
382,549,265451,1816,263909,0.006881159793716773,1.0,0.013668266064540408,0.7895678902845698,0.006841187262432615
383,550,263130,1816,261663,0.006940224640090498,1.0,0.013784779811673796,0.7909120346221312,0.006901531562345608
384,551,261270,1820,259844,0.007004202521512908,1.0,0.013910969793322734,0.7921087814659624,0.006965973896735178
385,552,260640,1824,259214,0.0070366569706883115,1.0,0.013974976823297758,0.7937767379985888,0.006998158379373849
386,553,260376,1824,258950,0.007043830855377486,1.0,0.01398912468267542,0.7950202806924282,0.0070052539404553416
387,554,260264,1826,258838,0.007054605583415109,1.0,0.014010373507657367,0.7943964423948919,0.007015953032305659
388,555,260267,1804,258841,0.006969529556754919,1.0,0.01384258282338046,0.7923896722676309,0.0069313435817833224
389,556,260255,1792,258829,0.006923490026233536,1.0,0.013751769811335234,0.7910708505928005,0.006885554552266047
390,557,260265,1802,258839,0.006961856598116976,1.0,0.013827448482778995,0.7918725791425195,0.006923712370084337
391,558,260267,1804,258841,0.006969529556754919,1.0,0.01384258282338046,0.7926009984919158,0.0069313435817833224
392,559,260265,1802,258839,0.006961856598116976,1.0,0.013827448482778995,0.7911044177886832,0.006923712370084337
393,560,260265,1802,258839,0.006961856598116976,1.0,0.013827448482778995,0.7911907368248838,0.006923712370084337
394,561,251896,1814,250474,0.00724226865862325,1.0,0.01438039066463724,0.7927157784861623,0.007201384698446978
395,562,239110,1814,237696,0.007631596661281637,1.0,0.01514759300237986,0.7978698484043675,0.007586466479862825
396,563,230693,1824,229292,0.007954922108054359,1.0,0.015784281486353174,0.8023887433471163,0.007906611817437027
397,564,216613,1832,215226,0.008511982753013111,1.0,0.016880280846593997,0.807993328139869,0.008457479467991302
398,565,205185,1834,203811,0.00899853295455103,1.0,0.017836563009069027,0.8123939221616185,0.008938275215049833
399,566,193509,1814,192152,0.009440442982638745,1.0,0.018704309002608704,0.8170743617798978,0.009374240991375078
400,567,181713,1812,180374,0.010045793739674232,1.0,0.019891758971600452,0.8201835156679317,0.009971768668174539
401,568,167334,1810,166020,0.010902300927599085,1.0,0.02156944527200143,0.8269087189824055,0.01081668997334672
402,569,152095,1808,150995,0.011973906420742409,1.0,0.023664456849669183,0.8321946682808374,0.01188730727505835
403,570,133834,1806,133027,0.013576191299510626,1.0,0.02678869416240831,0.8422504632298925,0.013494328795373373
404,571,114712,1800,114230,0.015757681869911583,1.0,0.03102645867448074,0.850520539104329,0.015691470813864287
405,572,98581,1800,98283,0.018314459265590183,1.0,0.035970144779832736,0.8608891798536022,0.018259096580476968
406,573,93783,1798,93591,0.019211248944877177,1.0,0.037698267095786726,0.8613948218844656,0.019171918151477348
407,574,90755,1778,90626,0.019619093858274667,1.0,0.03848318254621012,0.8632569498226808,0.01959120709602777
408,575,88542,1780,88445,0.0201255017242354,1.0,0.03945691327237462,0.8635607219287829,0.0201034537281742
409,576,86634,1784,86537,0.02061545928331234,1.0,0.04039809331868978,0.8706953322569857,0.020592377126763164
410,577,86614,1776,86517,0.0205277575505392,1.0,0.040229689782881994,0.8705764529840729,0.020504768282263837
411,578,86651,1776,86554,0.020518982369387897,1.0,0.0402128382203102,0.8696130319588407,0.020496012740764676
412,579,86647,1772,86550,0.020473714615829,1.0,0.04012590294603836,0.8690089076076057,0.02045079460339077
413,580,86673,1774,86576,0.02049066715948993,1.0,0.04015846066779853,0.8693072341475154,0.020467735050130952
414,581,86602,1770,86505,0.020461245014739032,1.0,0.04010195412064571,0.8690720903180865,0.02043832705942126
415,582,86711,1770,86614,0.02043549541644538,1.0,0.040052498189717595,0.8695567354962734,0.020412635075134643
416,583,86711,1770,86614,0.02043549541644538,1.0,0.040052498189717595,0.8685895610225866,0.020412635075134643
417,584,86044,1770,85949,0.020593607837205784,1.0,0.04035613721086652,0.8683420763223887,0.020570870717307423
418,585,86805,1770,86708,0.020413341329519767,1.0,0.04000994597527069,0.8680208725589283,0.020390530499395196
419,586,87378,1776,87281,0.020348071172420115,1.0,0.03988456831018337,0.8671970764156862,0.020325482386870836
420,587,88075,1772,87976,0.02014185687005547,1.0,0.03948834514418149,0.8669159963167865,0.020119216576781153
421,588,89035,1772,88936,0.01992444004677521,1.0,0.0390704237773956,0.8677070148566379,0.019902285618015388
422,589,91898,1760,91798,0.019172530991960608,1.0,0.037623720045319484,0.8647474705742586,0.019151668153822715
423,590,94520,1758,94417,0.018619528262918753,1.0,0.036558357161424485,0.8636549812739558,0.01859923825645366
424,591,94304,1764,94201,0.01872591586076581,1.0,0.036763403324128585,0.8646306861528636,0.018705463182897862
425,592,96844,1760,96741,0.01819290683371063,1.0,0.03573567781037756,0.8638798569827636,0.01817355747387551
426,593,96820,1736,96717,0.017949274688007277,1.0,0.03526555818512386,0.8623006896188328,0.01793017971493493
427,594,97612,1744,97507,0.017885895371614346,1.0,0.03514322273830994,0.8628513481624148,0.017866655739048477
428,595,100142,1742,100032,0.017414427383237365,1.0,0.03423271169453888,0.8611261310767243,0.01739529867588025
429,596,102663,1744,102543,0.017007499292979532,1.0,0.033446162992511054,0.8592519962890275,0.01698761968771612
430,597,102677,1746,102556,0.017024844962752056,1.0,0.033479703169642,0.8596542471559049,0.017004781986228658
431,598,102909,1742,102788,0.01694750359964198,1.0,0.033330144456136995,0.8586616889156016,0.016927576791145576
432,599,102955,1742,102835,0.016939757864540283,1.0,0.0333151649024164,0.8588389040142286,0.01692001359817396
433,600,102969,1756,102849,0.017073573880154402,1.0,0.03357392094068161,0.860261386094577,0.017053676349192474
434,601,103142,1760,103022,0.017083729688804332,1.0,0.03359355614513943,0.8594550126483501,0.01706385371623587
435,602,103142,1760,103022,0.017083729688804332,1.0,0.03359355614513943,0.8593525320413801,0.01706385371623587
436,603,103150,1768,103030,0.01716005047073668,1.0,0.033741101929426136,0.8599380863814756,0.017140087251575377
437,604,103103,1760,102983,0.01709019935329132,1.0,0.03360606436706987,0.8592510348922199,0.017070308332444255
438,605,103103,1760,102983,0.01709019935329132,1.0,0.03360606436706987,0.8584977324880909,0.017070308332444255
439,606,103105,1762,102985,0.01710928776035345,1.0,0.0336429682950347,0.8582947574364239,0.017089374909073276
440,607,102992,1758,102873,0.017089032107550087,1.0,0.03360380766694383,0.8580265914214863,0.017069286934907564
441,608,103322,1756,103203,0.01701500925360697,1.0,0.03346068464829124,0.858441307498816,0.016995412400069684
442,609,103320,1754,103201,0.01699595934147925,1.0,0.03342384831594493,0.858389495416858,0.01697638404955478
443,610,103348,1754,103229,0.0169913493301301,1.0,0.03341493384643228,0.8579642682210217,0.016971784649920656
444,611,103352,1758,103233,0.017029438261021185,1.0,0.0334885847358345,0.8558915223303687,0.017009830482235467
445,612,104441,1750,104321,0.01677514594376971,1.0,0.03299676631690095,0.8543307552015903,0.016755871736195554
446,613,104432,1764,104312,0.016910806043408236,1.0,0.033259172668652665,0.856267415371003,0.016891374291404932
447,614,104867,1768,104747,0.016878765024296638,1.0,0.033197202271980475,0.8552028288799844,0.01685945054211525
448,615,104865,1766,104745,0.01685999331710344,1.0,0.033160894179943855,0.8559215144316645,0.016840699947551614
449,616,103813,1766,103693,0.01703104356128186,1.0,0.033491688713149184,0.8556674220503692,0.017011356959147697
450,617,104546,1776,104427,0.017007095866011665,1.0,0.03344538289878817,0.8553037641525455,0.016987737455282842
451,618,104538,1768,104419,0.01693178444535956,1.0,0.033299744789851864,0.8558020389514869,0.016912510283341942
452,619,104133,1778,104014,0.017093852750591266,1.0,0.03361312764670296,0.8565060245082986,0.017074318419713252
453,620,104049,1776,103930,0.017088424901375927,1.0,0.03360263371994021,0.855670662129386,0.017068881007986623
454,621,104381,1786,104262,0.017129922694749763,1.0,0.033682860591430296,0.8555594291014698,0.017110393654017494
455,622,104362,1784,104243,0.01711385896415107,1.0,0.033651805672140114,0.8554970276554111,0.017094344684846975
456,623,104212,1780,104094,0.017099928910407902,1.0,0.033624874851238266,0.8560261623384379,0.017080566537442905
457,624,104204,1772,104086,0.017024383682723902,1.0,0.033478811237695784,0.8558799751109316,0.017005105370235307
458,625,104218,1786,104100,0.017156580211335256,1.0,0.03373439359310957,0.8570341177479069,0.01713715481010958
459,626,104127,1786,104009,0.017171590920016536,1.0,0.03376341036911007,0.8573203819430785,0.017152131531687268
460,627,104123,1782,104005,0.01713379164463247,1.0,0.03369034002287616,0.8570531967300304,0.017114374345725727
461,628,104087,1772,103969,0.01704354182496706,1.0,0.03351585477723872,0.8568716084143299,0.017024220123550492
462,629,104049,1776,103931,0.017088260480511108,1.0,0.03360231583528054,0.8569209266200631,0.017068881007986623
463,630,104074,1764,103956,0.01696871753434145,1.0,0.03337116912599319,0.8567405005435565,0.01694947825585641
464,631,104076,1766,103958,0.016987629619654093,1.0,0.03340774091029473,0.8570684774501796,0.0169683692686114
465,632,104068,1758,103950,0.016911976911976913,1.0,0.03326143716653423,0.856340415184538,0.016892800860975516
466,633,104064,1754,103946,0.01687414619129163,1.0,0.033188268684957424,0.856001692510936,0.016855012300123002
467,634,103725,1758,103607,0.01696796548495758,1.0,0.0333697148009301,0.8573998374913611,0.01694866232827187
468,635,103729,1762,103611,0.01700591636023202,1.0,0.03344310212293472,0.8580320670916701,0.01698657077577148
469,636,103729,1762,103611,0.01700591636023202,1.0,0.03344310212293472,0.8579951685933137,0.01698657077577148
470,637,102472,1766,102355,0.01725367593180597,1.0,0.03392207143611759,0.8583384366031975,0.01723397611054727
471,638,102474,1768,102357,0.017272878259425344,1.0,0.03395918367346939,0.8586526974497803,0.017253156898335186
472,639,101391,1780,101274,0.017576080731480932,1.0,0.03454499582743028,0.8605489478852985,0.017555798838161177
473,640,101925,1786,101808,0.017542825711142542,1.0,0.03448076143405989,0.8601787289941641,0.017522688251165073
474,641,101925,1786,101808,0.017542825711142542,1.0,0.03448076143405989,0.8595066435324198,0.017522688251165073
475,642,101175,1786,101059,0.017672844575940788,1.0,0.034731878068938696,0.8601810857107243,0.017652582159624414
476,643,101175,1786,101059,0.017672844575940788,1.0,0.034731878068938696,0.8592033489890011,0.017652582159624414
477,644,100438,1788,100324,0.01782225589091344,1.0,0.03502036979003447,0.8595371031484723,0.017802027121209103
478,645,100438,1788,100324,0.01782225589091344,1.0,0.03502036979003447,0.8603131279698181,0.017802027121209103
479,646,99921,1802,99808,0.018054664956716895,1.0,0.035468949906505266,0.8623886529033764,0.018034247055173588
480,647,99776,1808,99663,0.018141135627063203,1.0,0.0356357974199525,0.8633554534726271,0.018120590121872997
481,648,99784,1816,99671,0.01821994361449168,1.0,0.03578783489510972,0.8639859981539914,0.01819931051070312
482,649,99839,1812,99726,0.018169785211479453,1.0,0.035691071323051465,0.8630664859074987,0.018149220244593797
483,650,99839,1812,99726,0.018169785211479453,1.0,0.035691071323051465,0.8628362342878011,0.018149220244593797
484,651,99767,1814,99654,0.018202982318823127,1.0,0.03575511491307604,0.8636169515462584,0.01818236491024086
485,652,99775,1822,99662,0.018281792458509763,1.0,0.035907138071025975,0.8641930002261238,0.018261087446755198
486,653,99771,1818,99658,0.018242388970278352,1.0,0.035831132484528364,0.8640223422569202,0.018221727756562528
487,654,99771,1818,99658,0.018242388970278352,1.0,0.035831132484528364,0.8646813248730034,0.018221727756562528
488,655,99575,1808,99462,0.018177796545414328,1.0,0.035706527105756884,0.864519859091779,0.01815716796384635
489,656,100226,1816,100113,0.018139502362330567,1.0,0.035632646253764874,0.8646395130945954,0.018119050944864604
490,657,100222,1812,100109,0.018100270704931625,1.0,0.035556950971831126,0.8655129896359081,0.018079862704795353
491,658,98578,1816,98465,0.018443101609709033,1.0,0.0362182267827405,0.8667440086339149,0.018421960275112094
492,659,99601,1814,99488,0.018233354776455452,1.0,0.03581370555369094,0.8653727221805597,0.018212668547504543
493,660,97399,1820,97288,0.01870734314612285,1.0,0.03672761028373088,0.8669723848861739,0.018686023470466842
494,661,98745,1820,98633,0.01845224215019314,1.0,0.03623585159228694,0.8655451286150687,0.0184313129778723
495,662,98739,1814,98627,0.018392529429061007,1.0,0.036120707679135014,0.8656720905182418,0.01837166671730522
496,663,97259,1808,97147,0.018610971002707238,1.0,0.03654186246273559,0.8668802184916174,0.018589539271429895
497,664,97338,1822,97226,0.018739843251805072,1.0,0.03679024311444956,0.8673225551704186,0.018718280630380734
498,665,97328,1812,97216,0.018638907175773534,1.0,0.0365957103041564,0.8675168068762271,0.01861745849087621
499,666,97322,1806,97210,0.01857833556218496,1.0,0.036478952896501576,0.8660330049030197,0.01855695526191406
500,667,97879,1802,97767,0.018431577117023125,1.0,0.036196004780604404,0.8669214333407033,0.018410486416902502
501,668,95287,1806,95177,0.01897517257320571,1.0,0.03724364063804997,0.8703324509764709,0.018953267497140217
502,669,95354,1786,95244,0.018751837386082063,1.0,0.03681335669380604,0.8685771783474795,0.018730205340101096
503,670,95772,1786,95663,0.01866970511064884,1.0,0.036655070857576785,0.868320879041796,0.018648456751451364
504,671,95352,1794,95244,0.01883583217840494,1.0,0.036975205589562854,0.8703054505874054,0.018814497860558773
505,672,95400,1792,95292,0.01880535616840868,1.0,0.03691648469366734,0.8695195867178324,0.018784067085953877
506,673,95289,1796,95181,0.018869312152635504,1.0,0.03703971044680698,0.871091273865922,0.018847925783668628
507,674,95295,1802,95187,0.01893115656549739,1.0,0.037158853065811584,0.8714964506587007,0.018909701453381604
508,675,95306,1798,95198,0.018886951406542153,1.0,0.03707369376056745,0.8710524401632774,0.01886554886366021
509,676,95308,1800,95200,0.018907563025210083,1.0,0.03711340206185567,0.8713258232777261,0.018886137575019935
510,677,95230,1794,95122,0.018859990328210088,1.0,0.037021750794502456,0.8711689113401758,0.018838601281108893
511,678,95226,1790,95118,0.018818730419058433,1.0,0.03694225450943162,0.870306438976315,0.018797387268183058
512,679,95250,1790,95142,0.01881398330915894,1.0,0.036933107745636115,0.8697709214303097,0.01879265091863517
513,680,95260,1800,95152,0.01891710105935766,1.0,0.03713177654922023,0.8704352701973743,0.018895653999580098
514,681,97275,1794,97166,0.01846324846139596,1.0,0.0362570735650768,0.869285982045206,0.018442559753276792
515,682,93671,1786,93563,0.01908874234473029,1.0,0.0374623750642377,0.8732066275877577,0.019066733567486203
516,683,94701,1788,94593,0.01890203291998351,1.0,0.03710274846702151,0.8724442349675774,0.01888047644692242
517,684,96678,1782,96568,0.018453317869273466,1.0,0.03623792577529232,0.8706570659868613,0.01843232172779743
518,685,96151,1790,96041,0.018637873408231902,1.0,0.036593717737731395,0.8717542883394891,0.018616551049911077
519,686,96700,1798,96591,0.01861457071569815,1.0,0.03654880118712458,0.8710490329833364,0.01859358841778697
520,687,100254,1794,100144,0.017914203546892476,1.0,0.03519786536914595,0.8675594312804501,0.0178945478484649
521,688,102450,1790,102338,0.017491059039652916,1.0,0.034380762138905965,0.8655519629104448,0.017471937530502683
522,689,102450,1790,102338,0.017491059039652916,1.0,0.034380762138905965,0.8641463109907709,0.017471937530502683
523,690,96055,1788,95970,0.018630822131916223,1.0,0.03658012643466519,0.868687132402124,0.018614335536931967
524,691,98107,1770,98019,0.018057723502586234,1.0,0.035474851937588314,0.8635414079338385,0.01804152608886216
525,692,99997,1786,99909,0.017876267403337035,1.0,0.03512463739613551,0.862785474078762,0.017860535816074483
526,693,97237,1788,97156,0.018403392482193585,1.0,0.03614165588615783,0.8660149534049625,0.018388062157409218
527,694,97325,1800,97242,0.01851052014561609,1.0,0.036348215908402495,0.8661246567384908,0.018494734138196762
528,695,97362,1804,97282,0.018544026644189058,1.0,0.03641281311184224,0.8645626819339071,0.018528789466116143
529,696,97184,1796,97104,0.018495633547536663,1.0,0.03631951466127401,0.8646209910783238,0.018480408297662166
530,697,97168,1802,97088,0.018560481212920237,1.0,0.03644453433107493,0.865441578485095,0.018545200065865304
531,698,97101,1810,97021,0.01865575493965224,1.0,0.03662818346470237,0.8666976064212304,0.01864038475401901
532,699,97075,1812,96995,0.018681375328625186,1.0,0.036677563330533264,0.866556500160666,0.018665979912438836
533,700,97035,1812,96955,0.01868908256407612,1.0,0.03669241750787206,0.8668083123449404,0.01867367444736435
534,701,97041,1818,96961,0.018749806623281524,1.0,0.036809443302726286,0.8670831540587257,0.018734349398707762
535,702,96957,1820,96877,0.01878670891955779,1.0,0.03688055361358501,0.8676638918282852,0.01877120785502852
536,703,96959,1822,96879,0.018806965389816164,1.0,0.03691958541453481,0.8670872937622963,0.018791447931599956
537,704,96963,1826,96883,0.018847475821351527,1.0,0.03699763952628433,0.8675105627830726,0.01883192557986036
538,705,97879,1818,97799,0.018589147128293744,1.0,0.03649979421183131,0.867122721152232,0.018573953554899415
539,706,96520,1812,96440,0.018788884280381585,1.0,0.036884745348695194,0.868675225117254,0.01877331123083299
540,707,96664,1818,96584,0.018822993456473123,1.0,0.036950468486412875,0.8694148414162003,0.018807415376975917
541,708,94359,1816,94279,0.01926197774690016,1.0,0.03779593110983922,0.871124312438378,0.019245646944117678
542,709,95403,1812,95323,0.019009053428868165,1.0,0.037308899984557574,0.8705456173634886,0.01899311342410616
543,710,94297,1816,94217,0.01927465319422185,1.0,0.03782033259400414,0.870583047797825,0.019258300900346775
544,711,94299,1818,94219,0.019295471189462846,1.0,0.037860407967762424,0.8715663197502189,0.01927910158114084
545,712,90299,1824,90221,0.02021702264439543,1.0,0.03963278831006573,0.874190422851707,0.020199559242073555
546,713,88705,1832,88629,0.020670435184871768,1.0,0.04050364245365406,0.8755479261800472,0.020652725325517162
547,714,85534,1836,85462,0.021483232313776884,1.0,0.04206281930857522,0.8779746995728699,0.021465148362054855
548,715,85468,1838,85399,0.02152250026346913,1.0,0.042138083611311716,0.8780538253069237,0.02150512472504329
549,716,83203,1844,83138,0.022179989896316966,1.0,0.043397425337130216,0.8805153676421276,0.022162662403999854
550,717,83254,1844,83189,0.022166392191275287,1.0,0.043371396987052085,0.8799053709370694,0.022149085929805176
551,718,81925,1852,81863,0.022623163089552055,1.0,0.04424535626829123,0.8809231351779341,0.02260604211168752
552,719,81717,1848,81655,0.022631804543506214,1.0,0.04426188280660575,0.8806908803538838,0.022614633430008444
553,720,81455,1848,81393,0.022704655191478382,1.0,0.04440119652575053,0.8818002076498841,0.022687373396353815
554,721,81451,1844,81389,0.02265662435955719,1.0,0.04430934845554047,0.8813950335493721,0.022639378276509803
555,722,81443,1836,81381,0.022560548530983892,1.0,0.044125599336673996,0.8815555619600456,0.022543373893397837
556,723,81426,1844,81364,0.02266358586106878,1.0,0.04432266128256898,0.8820582442016286,0.022646329182325058
557,724,81434,1852,81372,0.022759671631519443,1.0,0.0445063923868115,0.8828008317964869,0.02274234349288995
558,725,81418,1836,81356,0.02256748119376567,1.0,0.0441388595057217,0.8818298353477597,0.022550296003340783
559,726,81426,1844,81364,0.02266358586106878,1.0,0.04432266128256898,0.8810416813096948,0.022646329182325058
560,727,81428,1846,81366,0.02268760907504363,1.0,0.04436860068259386,0.8808641820378313,0.02267033452866336
561,728,81428,1846,81366,0.02268760907504363,1.0,0.04436860068259386,0.8809470101087259,0.02267033452866336
562,729,81416,1834,81354,0.022543452073653415,1.0,0.044092898014136656,0.8810345746410636,0.022526284759752383
563,730,81434,1852,81372,0.022759671631519443,1.0,0.0445063923868115,0.8816634853762824,0.02274234349288995
564,731,80015,1850,79953,0.02313859392393031,1.0,0.045230615014119284,0.8835381315928429,0.023120664875335876
565,732,78469,1844,78407,0.02351830831430867,1.0,0.045955813634721066,0.8831505320483827,0.023499726006448406
566,733,75963,1842,75904,0.0242674957841484,1.0,0.0473850744732848,0.8848053964814382,0.02424864736779748
567,734,75418,1844,75359,0.02446953913931979,1.0,0.04777016437185083,0.8848721172115698,0.02445039645707921
568,735,73459,1846,73402,0.025149178496498732,1.0,0.049064426961513925,0.8864182576713729,0.02512966416640575
569,736,73459,1846,73402,0.025149178496498732,1.0,0.049064426961513925,0.8871872844755683,0.02512966416640575
570,737,72988,1842,72931,0.025256749530378028,1.0,0.04926912120685274,0.8877081620598343,0.02523702526442703
571,738,72109,1842,72053,0.025564515009784464,1.0,0.04985452331010217,0.888104083820201,0.02554466155403625
572,739,70260,1842,70205,0.02623744747525105,1.0,0.051133287992560415,0.8897596874482905,0.026216908625106745
573,740,70248,1830,70193,0.026070975738321484,1.0,0.05081710009302584,0.8891302330714848,0.0260505637171165
574,741,68958,1844,68905,0.026761483201509326,1.0,0.05212794527131125,0.890042051643097,0.026740914759708807
575,742,68117,1854,68064,0.02723906911142454,1.0,0.05303355359134987,0.8911569138728876,0.027217875126620373
576,743,68117,1854,68064,0.02723906911142454,1.0,0.05303355359134987,0.8917600226523579,0.027217875126620373
